,the_geom,NAME,BIN,CNSTRCT_YR,LSTMODDATE,LSTSTATYPE,DOITT_ID,HEIGHTROOF,FEAT_CODE,GROUNDELEV,SHAPE_AREA,SHAPE_LEN,BASE_BBL,MPLUTO_BBL,GEOMSOURCE,GLOBALID,index_right,Id
52254,"MULTIPOLYGON (((-73.9711754290161 40.7678766925835, -73.97110146801073 40.767846034419044, -73.97107785288544 40.76785175389575, -73.9710559604168 40.76784267222166, -73.97104831192985 40.767825148299565, -73.97105969083844 40.767808408093565, -73.97108266004848 40.76780359076312, -73.97117961370803 40.76766838821934, -73.97117359947124 40.76765140771771, -73.97118602520183 40.767634997345034, -73.97120657549688 40.76763078992632, -73.97125196367388 40.76756749585026, -73.97124756222956 40.76755686880824, -73.9712585083982 40.76754089750413, -73.97127363496286 40.76753727584865, -73.97137174097294 40.76740046602622, -73.97137092687043 40.767382132468576, -73.97138305906208 40.76736503671776, -73.97140753854465 40.7673594704783, -73.97143002423222 40.76736869541346, -73.97143734421837 40.767387306137955, -73.97151223920633 40.767418351536485, -73.97153194011453 40.767414317646825, -73.97155352440335 40.76742376475951, -73.97155456543243 40.76742670516119, -73.97156000008145 40.76744204928523, -73.97154757447896 40.76745845969864, -73.97152352518943 40.767463383114496, -73.97142914188119 40.76759500348469, -73.97143673996759 40.7676142266201, -73.97142463260897 40.767631341292606, -73.97140384521069 40.76763609169515, -73.97139886068867 40.76763723049553, -73.9713604056161 40.76769085674383, -73.97136880680638 40.767709902683784, -73.97135708163829 40.76772781348926, -73.97132871758502 40.76773504558346, -73.97123444491056 40.76786650822844, -73.97123927520434 40.76788520118882, -73.97122530402558 40.76790101504721, -73.97120071736552 40.76790468656113, -73.97117991756707 40.767894065322466, -73.9711754290161 40.7678766925835)))",Central Park-The Arsenal,1083811,1851.0,11/16/2020,Constructed,159673,77.0,2100,45.0,0,0,1011110001,1011110001,Other (Man,{39C7E256-76CC-478A-9FB9-5F69A45BDF5F},0,0
52255,"MULTIPOLYGON (((-73.96395111626312 40.78318848526682, -73.96389279227624 40.78314308442824, -73.96385273359982 40.783100555587026, -73.96383043771822 40.78307210804886, -73.96379444328066 40.78302618377029, -73.96378731164299 40.7830170846621, -73.9637891350425 40.78301461515904, -73.96380730974758 40.78299000835781, -73.96383173591487 40.7829569351984, -73.96385288516439 40.782928299578415, -73.96387279785544 40.782901338499876, -73.96388005111656 40.78289151810154, -73.96448554573232 40.78314989541392, -73.96461830803355 40.78320654718483, -73.96461423330314 40.78321206420754, -73.96460759541559 40.78322105097612, -73.96454841747966 40.78330117832883, -73.96453717963098 40.783316394248544, -73.96446663511571 40.78328629126326, -73.96450375595528 40.78323603040058, -73.96434869927228 40.78316986500769, -73.96427342077098 40.7832460925685, -73.96438505871504 40.78330723516147, -73.96435316047078 40.78334093197395, -73.96431565302531 40.783380554142084, -73.96431080841897 40.7833856719933, -73.96430983523078 40.78338669916424, -73.96427624723489 40.7833723662797, -73.96424561549665 40.78335504283635, -73.96408576199924 40.7832646350002, -73.96398155835435 40.783205702470504, -73.96395111626312 40.78318848526682)))",Central Park-22nd Police Precinct,1089496,1871.0,11/16/2020,Constructed,488697,16.0,2100,112.0,0,0,1011110001,1011110001,Other (Man,{C8F7EBC6-4B27-427E-8ABD-405723147E22},0,0
52625,"MULTIPOLYGON (((-73.95269085720317 40.794121346548756, -73.95270909778155 40.79409745295964, -73.95284760719329 40.79415852759454, -73.95281673701975 40.79419896452675, -73.95277742134678 40.794250463336006, -73.95275916889183 40.79427437133849, -73.9526206593202 40.794213296598464, -73.95267742819205 40.79413893680857, -73.95269085720317 40.794121346548756)))",Conservatory Garden,1088629,1890.0,04/10/2020,Constructed,498921,10.66,2100,24.0,0,0,1011110001,1011110001,Photogramm,{09E466FF-7888-4746-AA1D-6344AD82081E},0,0
52626,"MULTIPOLYGON (((-73.95304441106086 40.793640163879886, -73.95306248842316 40.79361548132845, -73.95320545746954 40.793675961223094, -73.95311752459344 40.79379602069683, -73.95297455536917 40.793735540694236, -73.95302297367876 40.79366943310743, -73.95304441106086 40.793640163879886)))",Conservatory Garden,1088622,1890.0,04/10/2020,Constructed,528145,10.25676537,2100,26.0,0,0,1011110001,1011110001,Photogramm,{0D6FC0F8-4797-43E1-86BB-1C998679A945},0,0
60469,"MULTIPOLYGON (((-73.97370768880343 40.76922216252655, -73.97359704774163 40.76917615751801, -73.97361507783103 40.76915109343236, -73.97355146348077 40.76912464276629, -73.97359856638784 40.76905916355232, -73.97363237432309 40.76907322185028, -73.97364327246596 40.769058072471964, -73.97361405823574 40.769045924296705, -73.97362436975614 40.76903158974148, -73.97365219815899 40.768992903274096, -73.97368141355739 40.76900505144012, -73.97368484677418 40.769000278655184, -73.97369291844618 40.76898905752328, -73.97373523637626 40.76900665401117, -73.97372375164154 40.76902261912067, -73.973723731495 40.769022647031676, -73.97378587379333 40.769048486726774, -73.97378712762108 40.76904674273673, -73.97379737866449 40.76903249279966, -73.97383479622313 40.769048050296874, -73.9738319330434 40.76905203077263, -73.97382329135829 40.76906404422775, -73.97385594469931 40.76907762132887, -73.9738354781721 40.76910607169283, -73.97381780370533 40.76913064241796, -73.97378424084137 40.769116686887756, -73.9737733427206 40.76913183717969, -73.97380690559027 40.76914579181262, -73.97375980282678 40.769211271110905, -73.97372571886372 40.76919709842378, -73.97370768880343 40.76922216252655)))",,1083825,1871.0,03/04/2021,Constructed,493848,32.0,2100,62.0,0,0,1011110001,1011110001,Other (Man,{6C952A6B-8590-44A2-81AC-97FDE6D76950},0,0
61759,"MULTIPOLYGON (((-73.97217220777215 40.76748139860507, -73.97196165480548 40.76739271547948, -73.97200762830221 40.767329622958954, -73.97221817994621 40.76741830600113, -73.97217220777215 40.76748139860507)))",,1090841,,08/16/2019,Constructed,1288658,17.0,2100,46.0,0,0,1011110001,1011110001,Other (Man,{B8F3BD17-E987-4422-8FC7-B2235650A187},0,0
61947,"MULTIPOLYGON (((-73.97103398202393 40.76810469074779, -73.97086363454004 40.76803624103664, -73.9708290134953 40.768042298068856, -73.97078327835709 40.76802276896436, -73.97076496049043 40.76798395531212, -73.97081492259368 40.767906675949064, -73.97086265246001 40.767895901796685, -73.97091618008317 40.76791762376277, -73.97092569491554 40.76795207313057, -73.97109584940466 40.768020020221385, -73.97103398202393 40.76810469074779)))",,1090852,,08/16/2019,Constructed,1288661,29.0,2100,46.0,0,0,1011110001,1011110001,Other (Man,{0F5A860D-DF19-4092-B1A9-EB6B510D080D},0,0
63194,"MULTIPOLYGON (((-73.96238408594152 40.78213725205136, -73.96238734160087 40.78213275961022, -73.9624126071469 40.78214333704284, -73.96243105412708 40.78215106035815, -73.96259076192523 40.782217924139694, -73.962641056274 40.78223898067841, -73.9626405772932 40.7822396414914, -73.96263641347835 40.78224538804411, -73.96263181454877 40.78225173509019, -73.96262113350464 40.78226647644172, -73.96257289980136 40.782333042084005, -73.96231918487851 40.7822268208673, -73.96235882907312 40.7821721094314, -73.96237739678068 40.78214648361274, -73.96238408594152 40.78213725205136)))",,1083822,,08/22/2017,Constructed,335308,36.0,2100,117.0,0,0,1011110001,1011110001,Other (Man,{BA53C0FB-AEE4-4D89-BE85-1F7DCBDFC906},0,0
69219,"MULTIPOLYGON (((-73.97182579818752 40.768270845408686, -73.97178013311972 40.768336462935665, -73.97171395468091 40.76831029158053, -73.97169551626571 40.76830283898704, -73.97160934130254 40.76826800701686, -73.97158204490535 40.76825697362078, -73.97151121405324 40.768228343526886, -73.97145462624785 40.768204696704, -73.97124855488894 40.76811354061239, -73.9713568046589 40.7679587376801, -73.97141786771712 40.76798341944043, -73.97138918820531 40.768024432964744, -73.97137165266778 40.76804950943632, -73.97135547648965 40.76807264295625, -73.97133903008513 40.76809616182217, -73.97150258651796 40.76816227144279, -73.97152342055631 40.76817069270082, -73.97153938033537 40.768177144250245, -73.97175378428955 40.76826380564931, -73.97178272907857 40.76822258768637, -73.97196615831223 40.76818815578201, -73.9720108759132 40.76820623075637, -73.97212074772409 40.76804904116826, -73.9721130012197 40.768024442036676, -73.97212006033148 40.7680132765994, -73.97213295185634 40.76799288601219, -73.9721366935615 40.76798696790666, -73.97214478853812 40.767974162901176, -73.97215929193023 40.76795122337475, -73.97219562459455 40.76795013263348, -73.97231531366026 40.767780474147465, -73.9722680999944 40.76776122083053, -73.97226103096442 40.767742292342525, -73.97226086296392 40.76774184295076, -73.97225366616293 40.76772257314064, -73.9722183530377 40.76762801714704, -73.97224715630632 40.76758682514417, -73.97204493827952 40.767505088864276, -73.9720092034081 40.767490645113746, -73.97197474631932 40.76747671765157, -73.97188858412129 40.76744189039133, -73.97183336428792 40.76741957052732, -73.97181222864413 40.76744979706922, -73.97179487118709 40.7674746197088, -73.97177682633907 40.767500425527345, -73.97176299818834 40.76752019990212, -73.97175337251983 40.76753396534386, -73.9717388990619 40.76752811482399, -73.97169056540406 40.767508578236686, -73.97180600690847 40.76734348657964, -73.97216330690986 40.76749834843731, -73.97224642825478 40.76753194647222, -73.97226794889222 40.76750116883548, -73.97223614202036 40.7674883118878, -73.97230489323982 40.76738998982659, -73.97232035666573 40.76736787627057, -73.97240587833316 40.767402443709805, -73.97239041492757 40.767424557277124, -73.9723216637987 40.76752287938885, -73.97228486543081 40.767508005928136, -73.97226334479896 40.767538783568035, -73.97234950139735 40.76757360784457, -73.97230412598705 40.7676343341192, -73.97233292146926 40.76771725491443, -73.97240849179859 40.76775252685511, -73.9723938247156 40.767773501475325, -73.97238286706106 40.76778917301618, -73.9723801483865 40.76779306073934, -73.97236921442854 40.76780869716489, -73.97225606081506 40.76797052019691, -73.97225511508137 40.767971871625136, -73.97225968780667 40.76798121274999, -73.97226651731111 40.76799516499657, -73.97221678443559 40.76806628739912, -73.97219490649562 40.76807009395328, -73.97217412304225 40.76807371076135, -73.97212275096514 40.76814717673752, -73.9720515099 40.76824905776607, -73.97204416321243 40.76825956305983, -73.97204369034124 40.76826023922329, -73.9720360343283 40.76827118929025, -73.97203051156828 40.76827908806782, -73.97202833683362 40.76828219697881, -73.97202714668362 40.76828171582094, -73.97193915378465 40.76824614974552, -73.97182579818752 40.768270845408686)))",,1083834,,03/13/2019,Constructed,913210,30.23,2100,46.0,0,0,1011110001,1011110001,Photogramm,{ED2C1D65-EC8A-45BA-8922-9A1C27DDA1E4},0,0
73609,"MULTIPOLYGON (((-73.96910612027555 40.77993374995129, -73.96909520010969 40.77996221369338, -73.96902678372498 40.77994693451687, -73.96903777854219 40.77991848701028, -73.96910612027555 40.77993374995129)))",,1083829,,08/17/2017,Constructed,1008684,10.0,5110,103.0,0,0,1011110001,1011110001,Other (Man,{F856BA33-056D-4B44-AA57-E1A6F1268E2B},0,0
73657,"MULTIPOLYGON (((-73.96438354110091 40.783391427087764, -73.96443207564941 40.783323034574465, -73.96445657338731 40.783333079123345, -73.96450898362392 40.78335456773614, -73.96444669034344 40.783442347438395, -73.9644448194792 40.783444984430304, -73.96436791143063 40.78341345122624, -73.96436936733872 40.783411400333826, -73.96438354110091 40.783391427087764)))",,1083838,,08/10/2017,Constructed,265749,18.0,2100,107.0,0,0,1011110001,1011110001,Other (Man,{987781BA-ED27-4731-B0B4-C81C7D4A6758},0,0
76411,"MULTIPOLYGON (((-73.95130892867925 40.7947043284336, -73.95134352777114 40.79465244182284, -73.95140695418719 40.79467686943013, -73.95137235513198 40.794728756059726, -73.95130892867925 40.7947043284336)))",,1090021,,08/17/2017,Constructed,1269279,14.38638684,5110,19.0,0,0,1011110001,1011110001,Photogramm,{FB245F2F-0BDE-458D-9E9E-2532A7B297B1},0,0
79067,"MULTIPOLYGON (((-73.97258809973621 40.76875098149003, -73.97263777828694 40.768601913134795, -73.97278599282112 40.76863046358375, -73.97273631458047 40.76877953290276, -73.97258809973621 40.76875098149003)))",,1090014,,11/28/2016,Constructed,1268787,10.56351003,2100,75.0,0,0,1011110001,1011110001,Photogramm,{38E7EA1E-B7DB-4278-A348-FED4D5833676},0,0
79068,"MULTIPOLYGON (((-73.97235480788035 40.76860011031589, -73.9724767745071 40.76859590804981, -73.97247936349932 40.76863934715892, -73.97247195119645 40.7686539173367, -73.97244459293417 40.768662858200244, -73.97239795625573 40.76866446524205, -73.97235725094124 40.76864109642104, -73.97235480788035 40.76860011031589)))",,1090015,,11/28/2016,Constructed,1268121,17.92632407,2100,70.0,0,0,1011110001,1011110001,Photogramm,{D9E6AD52-A1EB-440F-AF15-A4596896D28E},0,0
79069,"MULTIPOLYGON (((-73.97266030542362 40.76839908185339, -73.97270551852574 40.76838806500619, -73.97274924213889 40.76840467253749, -73.97276447455752 40.76844080524354, -73.97274152582581 40.76847348359393, -73.97269631267164 40.76848450045512, -73.97265339562713 40.76846787148327, -73.97263816326296 40.76843173786222, -73.97266030542362 40.76839908185339)))",,1090013,,11/28/2016,Constructed,1268661,14.78526804,2100,68.0,0,0,1011110001,1011110001,Photogramm,{383478D7-AD10-4882-9986-2E8C6EAD7269},0,0
101568,"MULTIPOLYGON (((-73.96857645100785 40.77886727986469, -73.96810438275631 40.7786674548017, -73.96817925897517 40.778565240584975, -73.96819427683026 40.77857159777423, -73.96827173252981 40.778604384800495, -73.96852147728517 40.77871010111357, -73.96854027385638 40.77868444013282, -73.96871679969722 40.77875916323572, -73.96870791766911 40.77877128788723, -73.96869821180096 40.77878453614094, -73.96865153653869 40.778764779041765, -73.96861112221856 40.77881994991414, -73.96857645100785 40.77886727986469)))",,1083814,,08/22/2017,Constructed,364380,21.0,2100,100.0,0,0,1011110001,1011110001,Other (Man,{D7620EFE-C29B-4EDA-B1BC-43DA48944471},0,0
453961,"MULTIPOLYGON (((-73.97173912063646 40.76795216746384, -73.97164700086424 40.76791878837496, -73.97161570218029 40.76782776586296, -73.97169409291685 40.767719615746564, -73.97179250201195 40.767699149820686, -73.97189903330998 40.76774158597422, -73.97192456916964 40.7678152137779, -73.97184304068077 40.76793289421338, -73.97173912063646 40.76795216746384)))",,1090844,,08/16/2019,Constructed,1289066,0.0,2100,45.0,0,0,1011110001,1011110001,Other (Man,{EC7E91CF-2CED-4657-8B51-312436CC0439},0,0
495676,"MULTIPOLYGON (((-73.97789947456106 40.77209734479787, -73.97793963559164 40.77210616301606, -73.97785639202824 40.77232526555703, -73.9778477375054 40.77232336473252, -73.97783867642211 40.77234721191271, -73.9778315403178 40.77234564456521, -73.97774932531216 40.772327591642174, -73.97775067209068 40.77232404662171, -73.97767392912787 40.77230719507189, -73.97763096555707 40.77232283478055, -73.97763381383604 40.77232769534839, -73.97763597977541 40.772332754794895, -73.9776374385188 40.772337959085114, -73.97763817468677 40.77234325058384, -73.97763818000698 40.772348571657375, -73.97763745449902 40.772353863772935, -73.97763600647318 40.77235907020046, -73.97763385134753 40.77236413241021, -73.9776335242361 40.772364694260645, -73.97763101283012 40.772368996376606, -73.97762752173605 40.7723736080754, -73.97762341717045 40.77237791798641, -73.97761874297586 40.772381878391386, -73.97761355010047 40.77238544607616, -73.97760789541343 40.77238858232995, -73.97760184052073 40.77239125204509, -73.97759545294849 40.77239342731909, -73.97758880140655 40.77239508295112, -73.97758195933996 40.7723962018459, -73.977575000192 40.77239677231117, -73.97756800095824 40.772396786257296, -73.97756103744655 40.77239624550007, -73.97755418783265 40.77239515455731, -73.97754752436721 40.77239352605008, -73.97754112048379 40.772391377102295, -73.9775350472445 40.77238873204145, -73.97752937097182 40.77238561969663, -73.97752415324877 40.77238207339853, -73.97751944973388 40.772378131879655, -73.97751658897737 40.77237516326342, -73.97751531371493 40.77237383927515, -73.97751179018712 40.772369242420005, -73.97747888648951 40.77237797177345, -73.97742907593117 40.772367034422565, -73.97719364768336 40.77231533701087, -73.9771946447472 40.77231271494335, -73.97719675150493 40.77230717096304, -73.97721957015152 40.77224711012217, -73.97736013972728 40.77227797825656, -73.97747644316773 40.772303516803795, -73.9776249902365 40.77224381357725, -73.97765736873778 40.77223620880838, -73.97760129508228 40.77222389614941, -73.97764605424223 40.772106088423534, -73.97768387366389 40.77211439298983, -73.97766974504202 40.77209298439399, -73.97760791378076 40.77199929666092, -73.9776001095602 40.77198747153843, -73.97760113979933 40.77198475942343, -73.977431471032 40.7719475022192, -73.9774563237479 40.771882087335214, -73.97766729383363 40.771928414278385, -73.97766797131477 40.771928562992734, -73.97775276014771 40.77204459571049, -73.97776214062958 40.772057433292176, -73.97777042121946 40.772068765920295, -73.97777033704622 40.77206898742778, -73.97787818595036 40.77209266980315, -73.97789947456106 40.77209734479787)))",Tavern on the Green,1085773,1870.0,04/10/2020,Constructed,996078,34.86,2100,83.0,0,0,1011110001,1011110001,Photogramm,{BAF0592D-A123-4138-8120-E9A823CC96F0},0,0
495787,"MULTIPOLYGON (((-73.96861596476347 40.775532749121524, -73.9686094433016 40.7755111190728, -73.96858984435391 40.775514533841, -73.96854881615852 40.77552168254636, -73.96854056560491 40.775494316720376, -73.96851848807405 40.775421089919966, -73.96856859184672 40.775412360617615, -73.96858235515907 40.775409962730464, -73.96857301651679 40.775378988295536, -73.96866778049112 40.77536247727122, -73.96869630930372 40.77535750614585, -73.968694071614 40.7753500826945, -73.96867768431179 40.775352938237596, -73.96863380111294 40.77520738705884, -73.96861114467274 40.775211334996634, -73.96860413596939 40.775188090212474, -73.96857850563896 40.77510307667278, -73.9687329825831 40.77507616124469, -73.96877924188712 40.775068101681576, -73.96877233130459 40.775045183816246, -73.96877188778872 40.77504371137414, -73.96877272888813 40.77504356482012, -73.9688348316301 40.77503274408344, -73.9688676096157 40.77502703295087, -73.96887145344249 40.775039784207124, -73.96897377194772 40.77537915002854, -73.96897781214818 40.775392552396816, -73.96896382495402 40.775394989893016, -73.96900110343377 40.77551863263746, -73.96900584737516 40.77553436749564, -73.96901045648771 40.77554965386701, -73.9690143737024 40.77556264647192, -73.96894364383074 40.77557497062018, -73.96882664124846 40.77559535612259, -73.96878855808556 40.77560199242338, -73.96872083716038 40.77561379135632, -73.9686718610499 40.77562232472165, -73.96864441371473 40.77562710702958, -73.96861596476347 40.775532749121524), (-73.96887668607621 40.775401197868064, -73.96885516705717 40.775323460664254, -73.9687938937133 40.77533326316761, -73.96877499863737 40.77533628553889, -73.96879651756747 40.77541402185704, -73.9688640790819 40.77540321428971, -73.96887668607621 40.775401197868064)))",Loeb Boathouse,1083830,1954.0,04/10/2020,Constructed,399906,23.95,2100,58.0,0,0,1011110001,1011110001,Photogramm,{60BABF75-F4E7-4340-863B-D92538A16302},0,0
950453,"MULTIPOLYGON (((-73.97457483126998 40.77311071468978, -73.97438164600602 40.773092774404084, -73.97438019861835 40.77310177641024, -73.97421802885253 40.77308671624708, -73.97421784525932 40.773086699096424, -73.97423601327388 40.772973630605755, -73.97426862415873 40.77295205193626, -73.97440226325475 40.77296446271769, -73.97439934355104 40.77298263421888, -73.97451121332742 40.77299302380891, -73.97450759549474 40.77301554008511, -73.97458891069431 40.7730230916544, -73.97457973734424 40.773080182418795, -73.97457483126998 40.77311071468978)))",Mineral Springs,1083815,1964.0,04/10/2020,Constructed,554139,34.0,2100,87.0,0,0,1011110001,1011110001,Other (Man,{BD617D0D-1ADA-4B7D-BD30-46600EE9C947},0,0
951137,"MULTIPOLYGON (((-73.95135224364631 40.79715471676612, -73.95136800802221 40.797099728099866, -73.95136833471491 40.79709858730454, -73.95136572934096 40.79709815576645, -73.95133788892402 40.79709354696534, -73.95134035990402 40.797084929325706, -73.95136148082746 40.79701125484998, -73.95139192539753 40.797016295182516, -73.95140911289235 40.79695633905247, -73.95141296308536 40.79694290972189, -73.95148828419079 40.79695538004945, -73.95151009394134 40.79695899032481, -73.95155637687373 40.796966653227415, -73.95153533933649 40.79704003871389, -73.9515788179082 40.79704723757138, -73.95155522626068 40.79712952973075, -73.9515438332181 40.79712764379801, -73.95154252638338 40.79712742712868, -73.95153273400732 40.79712580571409, -73.95151174882275 40.797122330865015, -73.95149565786932 40.79717846034641, -73.95147445348177 40.797174949378295, -73.95135224364631 40.79715471676612)))",Dana Discovery Center,1083808,1993.0,07/02/2020,Constructed,61057,56.74,2100,15.0,0,0,1011110001,1011110001,Photogramm,{E13513C8-C208-4B63-9BB7-07D1042E17C2},0,0
951143,"MULTIPOLYGON (((-73.96208695430396 40.78947854694484, -73.96193281127901 40.78950067456847, -73.96193384077634 40.78950499461057, -73.96189051368717 40.78951096051761, -73.9618897383148 40.78950770855308, -73.96173594404148 40.789528876995405, -73.96171161582676 40.78942682687362, -73.96169937905566 40.78937549966806, -73.9617537327435 40.789368014745605, -73.96175610729297 40.7893779795744, -73.96182073878857 40.78936907884111, -73.96181946345204 40.789363728543655, -73.96193294235364 40.789348101869905, -73.96193415150852 40.78935317479004, -73.9619962579389 40.78934462161813, -73.96199403346237 40.78933529169675, -73.9620498172553 40.789327609896546, -73.96205582643654 40.7893528141898, -73.96207010357635 40.78941270128873, -73.96207501116554 40.78943328474874, -73.96208695430396 40.78947854694484)))",C.P. TENNIS,1083821,1930.0,07/02/2020,Constructed,197917,21.04,2100,96.0,0,0,1011110001,1011110001,Photogramm,{CFBAA6CA-EC06-4B69-A6F3-C7F49EA44B8F},0,0
951625,"MULTIPOLYGON (((-73.96643150540844 40.77405930628049, -73.96646823294542 40.774007722663605, -73.9664573114564 40.774003228677124, -73.96653216154701 40.77389810412588, -73.96654352476207 40.77390278013521, -73.96657820263016 40.77385407569512, -73.96658282726128 40.773855978898496, -73.9666406262916 40.77387976261877, -73.96665137131393 40.77388418449665, -73.96661669348407 40.773932888058035, -73.96662641055264 40.77393688730457, -73.96655156175223 40.77404201101622, -73.96655078012239 40.774041689309804, -73.96653943701564 40.77403702231217, -73.96650270833314 40.7740886059512, -73.96646957669522 40.774074971706796, -73.96643150540844 40.77405930628049)))",Kerbs Boathouse (Model Boat Pond),1087579,1953.0,12/12/2023,Constructed,186368,20.16,2100,52.0,0,0,1011110001,1011110001,Photogramm,{BB327F8A-F5EA-490F-B475-E401B9D613D7},0,0
951963,"MULTIPOLYGON (((-73.95457078413556 40.790359050396766, -73.95460284894206 40.790378242794404, -73.95456447568098 40.79041527697144, -73.95453241086709 40.790396085463755, -73.95457078413556 40.790359050396766)))",,1090907,,03/02/2020,Constructed,1292228,12.0,1004,55.0,0,0,1011110001,1011110001,Other (Man,{A8BEED59-D348-41A1-BB93-1BC95B32EC96},0,0
969254,"MULTIPOLYGON (((-73.9689831616845 40.779476734636226, -73.96900969654949 40.7794454223123, -73.9689926520714 40.779435337506754, -73.96898362841132 40.77942590682131, -73.96897892857102 40.77941409457064, -73.96897976092002 40.779402334237226, -73.96898873304426 40.779390145654524, -73.96895475044843 40.779375692450564, -73.9689396950683 40.779395905566425, -73.96891710396548 40.77938629652058, -73.96891173156199 40.77938401139803, -73.96890508356884 40.77938118292821, -73.96889589860787 40.77937727677274, -73.96885997482224 40.7793619954554, -73.96885020240879 40.77935783879796, -73.96885635927333 40.779349474797435, -73.96886734892846 40.779334546541406, -73.96881449668038 40.779312065623095, -73.96883777516896 40.779280441783456, -73.96883474872905 40.77927984663359, -73.96883199027293 40.77927869954833, -73.9688296679854 40.779277069011364, -73.96882792397481 40.77927505501683, -73.96882686598418 40.77927278096277, -73.96882655673372 40.779270385543484, -73.96884207215794 40.77924930988537, -73.96884235783456 40.77924892094566, -73.96884467196193 40.77924773561008, -73.96884736849593 40.779247035748405, -73.96885027801555 40.779246863638534, -73.9688532168984 40.77924723093729, -73.96885600272256 40.7792481159833, -73.9688584578216 40.779249460195956, -73.96886042823273 40.779251181587995, -73.96886179317511 40.77925317116607, -73.96886246386033 40.77925530373633, -73.9688623988892 40.779257445112805, -73.96885979224282 40.7792609851828, -73.96890348320602 40.77927956893699, -73.96901265394781 40.77932201829858, -73.96904365167597 40.779279538238306, -73.9691322301422 40.779316886911936, -73.96909921019385 40.77936213729855, -73.9692303903762 40.77941744792105, -73.96918277485169 40.77948270178835, -73.96915525655167 40.779471097759945, -73.96911605713906 40.77952481751931, -73.96911422453597 40.77952732942895, -73.96911177790439 40.77953068224297, -73.96910932534556 40.77953404315985, -73.96910671631596 40.77953761835423, -73.96908278340386 40.77957041632611, -73.96902105018815 40.77954438694318, -73.96897094424776 40.77952325938979, -73.96897353668837 40.779519707607086, -73.96899527074646 40.77948992124552, -73.96899681530404 40.77948780458066, -73.96899839779353 40.779485636597336, -73.96899917185064 40.779484575113635, -73.9689831616845 40.779476734636226)))",Belvedere Castle Visitor Center,1083837,1872.0,03/16/2020,Constructed,1024387,25.0,2100,140.0,0,0,1011110001,1011110001,Other (Man,{C5D6DE3A-5023-4722-B8F1-3F76CB3F79C5},0,0
977364,"MULTIPOLYGON (((-73.97032084017096 40.78000556546256, -73.97029833650053 40.77999025203072, -73.97028315434636 40.78000314420609, -73.97025566250524 40.77998443728834, -73.97019802609006 40.77994521633993, -73.97026434828949 40.779888898966185, -73.9703016713643 40.779857207317264, -73.9703161862789 40.779844882283676, -73.9704372893494 40.779927291341124, -73.9704312797883 40.7799323947453, -73.97049666389518 40.77997688729876, -73.97039969665757 40.78005922504805, -73.97032084017096 40.78000556546256)))",Swedish Cottage Marionette Theater,1083824,1876.0,04/10/2020,Constructed,764456,27.0,2100,85.0,0,0,1011110001,1011110001,Other (Man,{E187B59A-BC4B-40E7-BA41-6BD0D326A3F0},0,0
977365,"MULTIPOLYGON (((-73.97101068603192 40.77262322058518, -73.9710519587916 40.77261825117992, -73.97108791641732 40.77262203061421, -73.97108995130777 40.772622244543996, -73.97103945741556 40.77274374664126, -73.97103628704139 40.772742465329095, -73.97099754027131 40.77272680303959, -73.97097527793468 40.77270388953779, -73.9709674300299 40.772672513135106, -73.97097988986081 40.77264263488223, -73.97101068603192 40.77262322058518)))",Bandshell,1088637,1923.0,04/10/2020,Constructed,1154086,42.0,2100,81.0,0,0,1011110001,1011110001,Other (Man,{FBDA3029-30FD-4A53-A94F-D11A5C7443F9},0,0
977366,"MULTIPOLYGON (((-73.9751871188952 40.7698375200618, -73.97529368859338 40.76982980763864, -73.97537917492534 40.7698861740364, -73.97537926610666 40.76988623348906, -73.97538038873196 40.76990931453105, -73.97538162891146 40.76993480984757, -73.97538295255644 40.76996201523774, -73.9753833216692 40.76996961106251, -73.97531664928479 40.770034380811616, -73.9752098201091 40.77003825525474, -73.97517827224297 40.770018495921505, -73.97512428411929 40.76998468118286, -73.97511850648975 40.769981062613326, -73.97511530006004 40.76993060131395, -73.9751131875585 40.769897369581585, -73.97515977691044 40.76985965484709, -73.9751871188952 40.7698375200618)))",Carousel,1083826,1951.0,04/10/2020,Constructed,276165,27.0,2100,64.0,0,0,1011110001,1011110001,Other (Man,{A246A8C4-A82A-4810-AE9C-5D2BE5EBB058},0,0
977587,"MULTIPOLYGON (((-73.96614748553668 40.783952568673556, -73.96598745490023 40.7839065311416, -73.96547113432068 40.78375799656359, -73.96536925780052 40.78372868708816, -73.96536592335546 40.78372772795247, -73.96546279935042 40.78359464759078, -73.96547384864682 40.78357947024657, -73.96548024704069 40.78357068146726, -73.96548285879946 40.78356709285041, -73.96548444150363 40.783564918613195, -73.9655231917708 40.783581216683416, -73.96609258339211 40.78382069389958, -73.9662766250554 40.783898098279664, -73.96636440273097 40.78393501567752, -73.9664409281527 40.78396720029835, -73.96643641483988 40.783973400737736, -73.96642942851058 40.78398299714818, -73.96642143092053 40.783993984538284, -73.96641162539348 40.78400745408354, -73.96639892479335 40.78402490119934, -73.96614748553668 40.783952568673556)))",86TH Street Shops,1083819,1932.0,04/10/2020,Constructed,575046,13.0,2100,114.0,0,0,1011110001,1011110001,Other (Man,{E8187F4E-FA37-4D2A-B1FE-EF70BF267D8B},0,0
983590,"MULTIPOLYGON (((-73.9808244917157 40.76924069343277, -73.98081006324873 40.769234964729115, -73.98075880271391 40.76921461290656, -73.98071153688817 40.76919584661605, -73.98073009550268 40.769168826513095, -73.98073863421348 40.76915639649054, -73.98073989499443 40.76915456057476, -73.9807471729214 40.76914396556684, -73.98076885027683 40.769112404739495, -73.98081488082448 40.76913068092718, -73.98086757788025 40.769151602982305, -73.98088261033251 40.769157571312974, -73.98088815409042 40.76915977216264, -73.98083083962631 40.76924321319723, -73.9808244917157 40.76924069343277)))",,1083806,,11/05/2021,Constructed,443226,8.0,1004,70.0,0,0,1011110001,1011110001,Other (Man,{6983ECA4-2C11-4F9C-A581-96D4C129F24E},0,0
985645,"MULTIPOLYGON (((-73.97090155172413 40.78061149474748, -73.97090105670462 40.78060569809152, -73.97091703683658 40.78060478451409, -73.97094544306292 40.78060316087055, -73.97096336375456 40.78058298874108, -73.97096528517544 40.78056687024053, -73.97096623637339 40.78055889113248, -73.97098262406163 40.780557864185404, -73.9709834331983 40.780557813961046, -73.97098327173127 40.78056678382019, -73.97098379340179 40.78057396365354, -73.97098311753844 40.78057537186838, -73.97098308474685 40.78057722149109, -73.97097992551701 40.780584852449465, -73.97098244813233 40.780586428062634, -73.97098733584478 40.78058948829833, -73.97098807486435 40.78058995044189, -73.97100366059853 40.78059969959659, -73.9710183391426 40.78060888210532, -73.9710242032631 40.78060863684243, -73.97117465052592 40.780602325134026, -73.97117447388389 40.780599887431094, -73.97117333511247 40.78058421661153, -73.97117581462733 40.78058411277358, -73.97126932420403 40.78058019012546, -73.97126992364713 40.78058016506085, -73.97127044298715 40.78058732688224, -73.9712709811756 40.78059473454534, -73.9712855182667 40.7805941240262, -73.97128122807536 40.78053503562192, -73.97127972186202 40.78051428227874, -73.97127008162956 40.78038149726045, -73.97126886512294 40.78036473681462, -73.97126688903577 40.78033751414741, -73.97124597126013 40.78032497664394, -73.97120116246508 40.78032685650872, -73.97117594330072 40.78032791459678, -73.97107657353082 40.78033208243601, -73.97107550733149 40.78033212719349, -73.97106489138545 40.78034110703559, -73.97105110890135 40.7803527659751, -73.97096770166004 40.78042332273407, -73.9709697398556 40.78043008781824, -73.97097035219998 40.78043850946683, -73.97097459686502 40.78043833133613, -73.9709756131172 40.78045231998948, -73.97095756588271 40.78045307726726, -73.97095753997836 40.780452715258974, -73.97095728091034 40.780449151907405, -73.97095654963431 40.78043908861373, -73.97095788712447 40.7804390322192, -73.97095846879634 40.78043900805223, -73.97095713457362 40.78043428908573, -73.970954925998 40.780429763506774, -73.97095188923029 40.780425524078616, -73.97094860803146 40.78042218869268, -73.9709480858341 40.7804216581654, -73.97094359396114 40.780418245931465, -73.97093850716854 40.78041535583844, -73.9709348066747 40.78041457777201, -73.970922052764 40.78041189736216, -73.97092230947325 40.780415431897154, -73.9709193217418 40.78041555721348, -73.97090672754148 40.78041608533076, -73.97089760915554 40.78041646754268, -73.97089727943766 40.78041193073055, -73.97089712047317 40.78040972806258, -73.9708970509947 40.780408777114985, -73.97089591229849 40.78039309098371, -73.97091313025045 40.780392368625876, -73.97101949251908 40.7803023938536, -73.97104960539299 40.78027692081864, -73.97107883226148 40.78027569446972, -73.97117638940998 40.780271602717846, -73.97128119550933 40.780267206519476, -73.97128172860843 40.78026718413977, -73.9712817333202 40.78026724627559, -73.97135599831371 40.780320235887444, -73.97139506063897 40.78031778001594, -73.97139805194614 40.78031759165302, -73.97140021825236 40.7803350898445, -73.97140509037912 40.780374444790496, -73.97141717337993 40.78037532757854, -73.97143464010166 40.78037459439847, -73.97144409104877 40.780504777805994, -73.9714544465101 40.78064740276883, -73.97128988736584 40.78065430565883, -73.97127396775029 40.780654973466, -73.9711370481447 40.780660716874266, -73.97100025646003 40.780666454749095, -73.97092640400591 40.78061529753633, -73.97091286511065 40.78061695104332, -73.97090212924496 40.78061826216533, -73.97090155172413 40.78061149474748)))",,1083816,1932.0,03/01/2021,Constructed,400224,13.6,2100,77.0,0,0,1011110001,1011110001,Photogramm,{509EA889-2CA8-417C-BD75-F6B8F2B95C1B},0,0
985755,"MULTIPOLYGON (((-73.96131668402666 40.78880752506017, -73.96128690992637 40.78873451145984, -73.96137083205414 40.788714741207016, -73.96140060623716 40.788787755686414, -73.96148484478113 40.78876791161565, -73.96151562239797 40.788843385667796, -73.96151637485988 40.78884523374674, -73.96151844531776 40.78885031146172, -73.96152051696022 40.78885539007757, -73.96152260989753 40.78886052363105, -73.96152665380063 40.78887043949514, -73.96132359576536 40.78891827277254, -73.96129106151885 40.78892593681859, -73.96128022387818 40.78892848969995, -73.96127941817934 40.78892651553147, -73.96127629003783 40.78891884311402, -73.96127321395419 40.78891129768456, -73.96127018164431 40.788903863031365, -73.96126907307136 40.788901144046854, -73.96123841520118 40.78882596263251, -73.96131668402666 40.78880752506017)))",,1083818,,08/22/2017,Constructed,460674,27.0,2100,115.0,0,0,1011110001,1011110001,Other (Man,{78F47DEB-D88E-40C9-B127-0FBFC3A2CF48},0,0
985761,"MULTIPOLYGON (((-73.97401359604676 40.76792549959698, -73.9740646051409 40.767887188356774, -73.97407699878315 40.76789672657911, -73.9741636371553 40.76796340492164, -73.97411262805976 40.76800171620529, -73.97402428463049 40.767933725406564, -73.97401359604676 40.76792549959698)))",,1083839,,08/10/2017,Constructed,1075239,11.0,2100,34.0,0,0,1011110001,1011110001,Other (Man,{BEC629BB-4CDF-45C7-B14E-99B66D6E7E26},0,0
986121,"MULTIPOLYGON (((-73.97081575060177 40.76836054079407, -73.97083295776767 40.76836923230955, -73.97084728385305 40.768376467879655, -73.97085727943168 40.76838151593002, -73.97085972237434 40.768382750237855, -73.97082876239035 40.76841818172227, -73.97080974626445 40.76843994567988, -73.9708048284013 40.76844557348177, -73.97065156018215 40.76836816057238, -73.9707064530515 40.768305337400456, -73.97081575060177 40.76836054079407)))",,1083835,,01/01/2015,Constructed,113380,15.02,2100,52.0,0,0,1011110001,1011110001,Photogramm,{CC4EA5C9-00B0-4204-8F1B-E313FF8B1A07},0,0
986226,"MULTIPOLYGON (((-73.97162194274736 40.76728886636168, -73.97145009519151 40.76721976697573, -73.97141567701122 40.76723168741503, -73.97137967712841 40.7672172118852, -73.9713620549547 40.76721012594488, -73.9713602909055 40.76718365609908, -73.97134914397846 40.767179173321466, -73.97140844491729 40.7670939247547, -73.97141622395628 40.767097053233954, -73.97145570444513 40.76708739341256, -73.97147201212874 40.76709395131805, -73.9715028606717 40.7671063552871, -73.97150570077628 40.76713982861487, -73.97167754818318 40.76720892881918, -73.97162194274736 40.76728886636168)))",,1083832,,03/13/2019,Constructed,847346,30.0,2100,46.0,0,0,1011110001,1011110001,Other (Man,{B9C9DEA3-8A05-40F1-A343-225EC95B5F9C},0,0
986309,"MULTIPOLYGON (((-73.96069160622913 40.78884766230466, -73.96070020304819 40.78883170656063, -73.96082874049713 40.788871713645214, -73.96082103801736 40.788886009179244, -73.96081986378707 40.78888818709156, -73.9608166874316 40.78889408339161, -73.96081347430703 40.78890004721666, -73.96081024932127 40.78890603264956, -73.96080701247475 40.788912038789874, -73.96080075346045 40.78892365672384, -73.96079630086533 40.788931920906386, -73.96066776331963 40.788891913785996, -73.96067187551861 40.78888428074331, -73.96067474705877 40.78887895165872, -73.96067864812952 40.7888717129631, -73.96068253140943 40.788864504878276, -73.96068637198951 40.788857375122326, -73.96069020782329 40.7888502561706, -73.96069160622913 40.78884766230466)))",,1089872,,08/22/2017,Constructed,45607,28.0,2100,119.0,0,0,1011110001,1011110001,Other (Man,{55F6B229-8752-4259-8EAE-C96BCFF6E358},0,0
986466,"MULTIPOLYGON (((-73.97583397499419 40.77029422265498, -73.97588323541275 40.77025914756566, -73.97592096495134 40.77028977437079, -73.97593465572749 40.770300887641106, -73.97597462093123 40.77033332940955, -73.97592536050593 40.770368404537514, -73.97584099799217 40.770299924313804, -73.97583397499419 40.77029422265498)))",,1083823,,08/22/2017,Constructed,659449,20.0,2100,59.0,0,0,1011110001,1011110001,Other (Man,{5DA809A4-D811-457A-9162-743625C796C8},0,0
986668,"MULTIPOLYGON (((-73.96914341545401 40.78004530603012, -73.96897413856088 40.780005141413056, -73.96896852162598 40.78000380895866, -73.96899176097149 40.779947215960355, -73.9690441303873 40.779959641659644, -73.96909756587928 40.7799723206621, -73.96910967233977 40.77994283967052, -73.96914752326684 40.77995182061182, -73.96913611654716 40.77997959894541, -73.96920545765029 40.77999605165814, -73.9691851632453 40.78004547839109, -73.96918152111337 40.78005434736196, -73.96916972813925 40.78005154904923, -73.96914341545401 40.78004530603012)))",,1083817,,08/10/2017,Constructed,215033,13.0,2100,104.0,0,0,1011110001,1011110001,Other (Man,{1C91269C-81FB-470D-958B-F436EA8B87EF},0,0
986698,"MULTIPOLYGON (((-73.96801293519876 40.775688555759494, -73.96823931948768 40.77568290108911, -73.96824017361786 40.77570264214289, -73.96816468650437 40.775704527676204, -73.96816508485658 40.77571372912202, -73.96816529105486 40.77571850814634, -73.96815428515525 40.77571878336046, -73.96801439259619 40.775722277285524, -73.96801405753384 40.775714527467024, -73.96801325620483 40.77569597508967, -73.96801293519876 40.775688555759494)))",,1088625,,08/22/2017,Constructed,292647,8.0,2100,64.0,0,0,1011110001,1011110001,Other (Man,{E9303CA1-E5B9-44A2-8FD1-445FD23C8F2D},0,0
986874,"MULTIPOLYGON (((-73.96977396455591 40.76993003439935, -73.96978783329486 40.769914578194516, -73.96981171134574 40.76991599644252, -73.96982838154764 40.769897418921516, -73.96986404788885 40.76991591739135, -73.96986458905984 40.76991619758944, -73.96985113273851 40.76993119375419, -73.96985105807968 40.769931277481476, -73.96985524557903 40.769951249040815, -73.96983989197084 40.76996835908969, -73.96982373479254 40.769970884373215, -73.96981653987265 40.76997200901835, -73.96980176100284 40.76998847985529, -73.96977249158647 40.76997330049923, -73.96976016070762 40.76996690549056, -73.96977686411866 40.76994829016468, -73.96977396455591 40.76993003439935)))",,1083807,,01/01/2015,Constructed,1255432,17.99524045,2100,82.0,0,0,1011110001,1011110001,Photogramm,{7267F8CC-914B-43BF-A513-B615CFB0C055},0,0
986899,"MULTIPOLYGON (((-73.96763585864946 40.778439770856046, -73.96754025097032 40.77837440532228, -73.96753086251591 40.77836798659876, -73.96756533462629 40.77833884975021, -73.96760021556373 40.778309369014295, -73.96763673308661 40.778278503754834, -73.96770188268046 40.77832304556695, -73.96768079628956 40.77834086779859, -73.96773594644209 40.77837857287446, -73.96777084770677 40.77840243424418, -73.96777331862938 40.77840034577005, -73.9677961435472 40.77838105438782, -73.96785154130016 40.77841892877176, -73.96785912267327 40.7784241123765, -73.96783882082475 40.77844127208593, -73.96779299674964 40.778480003396496, -73.96775547659722 40.77851171489606, -73.9677490427051 40.77851715302956, -73.96774073540286 40.778511473938174, -73.96767078122588 40.77846364757037, -73.96763585864946 40.778439770856046)))",,1088628,,08/22/2017,Constructed,386557,14.0,2100,105.0,0,0,1011110001,1011110001,Other (Man,{F969B513-B29D-4413-81A7-19C33181E1B3},0,0
987784,"MULTIPOLYGON (((-73.97028809394713 40.7729233470702, -73.97020138071551 40.77290438619928, -73.97019772098115 40.77291406115736, -73.97019608532976 40.7729137032346, -73.97008328582208 40.77288903804194, -73.97004994272157 40.77288174701228, -73.97005360247564 40.772872072058846, -73.96997861488374 40.77285567419698, -73.96996884007527 40.77285353745764, -73.96996969987124 40.772851263911676, -73.9699883568234 40.772801956327875, -73.9699925229708 40.772790943360675, -73.97026671386075 40.772850899691576, -73.970311776567 40.77286075380876, -73.97030516512467 40.772878226365656, -73.97028898338084 40.772920995185736, -73.97028809394713 40.7729233470702)))",,1083827,,08/22/2017,Constructed,728610,24.0,2100,92.0,0,0,1011110001,1011110001,Other (Man,{FA2054F0-0DCD-4E2D-A6AD-168BD6E878DB},0,0
989537,"MULTIPOLYGON (((-73.97708591762493 40.768472437589715, -73.9769539009284 40.76834851367368, -73.97697122810747 40.76833784436976, -73.97699859546702 40.76832099240946, -73.97700280356939 40.7683249428582, -73.97706977719076 40.768283701435806, -73.97706556908699 40.76827975098949, -73.97710931223537 40.76825281482, -73.9772413290314 40.768376738559716, -73.97719758585501 40.768403674778845, -73.97719265191213 40.76839904431338, -73.9771256782509 40.768440285806484, -73.97713061219217 40.76844491627475, -73.97709256844256 40.768468341621, -73.97708591762493 40.768472437589715)))",HECKSCHER Comfort,1088623,1932.0,07/02/2020,Constructed,99574,21.0,2100,58.0,0,0,1011110001,1011110001,Other (Man,{F4F964B1-2A5D-4678-A534-DD68BBF4D1C6},0,0
989538,"MULTIPOLYGON (((-73.96903986949178 40.78047377582521, -73.96914053359892 40.78032823578223, -73.96915433214993 40.78033375054865, -73.96923652536894 40.780366599419, -73.96920930653943 40.78040595128969, -73.96919216551703 40.780399101092485, -73.96914429627577 40.78046830897057, -73.96915956354653 40.78047441035625, -73.9691339852794 40.780511389824866, -73.96905795687475 40.780481004509916, -73.96903986949178 40.78047377582521)))",Delacorte Theater Women CS,1088627,1962.0,07/02/2020,Constructed,443386,21.0,2100,101.0,0,0,1011110001,1011110001,Other (Man,{C0B75BB2-BFC9-4ECE-8524-3340030348F4},0,0
992138,"MULTIPOLYGON (((-73.95915529716616 40.79119351136658, -73.95919974593372 40.79095638930106, -73.95920761525215 40.79091441075101, -73.95930067296055 40.79092448693185, -73.95933249546651 40.79092793267373, -73.9593274886305 40.790954646056655, -73.95929767696316 40.791113683737635, -73.95989864120835 40.791178752048104, -73.95990995245899 40.791118407140154, -73.959933458069 40.790993000804534, -73.95995636297468 40.79099548063867, -73.96000519984567 40.791000768225416, -73.96004626708572 40.79100521473241, -73.96005532692497 40.791006195816244, -73.96003922678858 40.791092088980456, -73.96001278895307 40.791233136012124, -73.96000301232014 40.79128529771312, -73.95996844925428 40.79128155494012, -73.9591562390495 40.79119361345692, -73.95915529716616 40.79119351136658)))",North Meadow Recreation Center,1083840,1932.0,03/16/2020,Constructed,605002,19.0,2100,92.0,0,0,1011110001,1011110001,Other (Man,{9B0E876C-8F3A-44B7-8FC6-977C36330A1F},0,0
1004139,"MULTIPOLYGON (((-73.96151149302482 40.78099654948317, -73.96155833242449 40.780932136006015, -73.96167039738104 40.780979220958, -73.96162356754063 40.781043622776885, -73.96151149302482 40.78099654948317)))",Ancient Playground Comfort Station,1089494,1936.0,04/10/2020,Constructed,1214800,18.0,2100,89.0,0,0,1011110001,1011110001,Other (Man,{25FF3084-C7B5-4970-B9DB-22157B56CC18},0,0
1012486,"MULTIPOLYGON (((-73.96843282197511 40.78027910631043, -73.96864099462421 40.780153325197595, -73.96868715985569 40.78018405297391, -73.96874536211818 40.780202505652156, -73.96880357535426 40.780197604685135, -73.96885532791131 40.7801767243358, -73.96889017168486 40.78013634533227, -73.96890549382249 40.7800906976178, -73.9691593346405 40.780139931440935, -73.96914150857063 40.78022596603281, -73.96907679293811 40.78030461383704, -73.96897004563256 40.780363583330804, -73.96887382301904 40.78039110103467, -73.96885414816603 40.78039672745804, -73.96884552160807 40.780399194302575, -73.96883516894829 40.78039928515547, -73.96870969551489 40.78040038668713, -73.96860460125805 40.780379462855365, -73.96848820237236 40.78033272384821, -73.96843282197511 40.78027910631043)))",Delacorte Theater,1088650,,08/10/2017,Constructed,1197832,17.0,2100,103.0,0,0,1011110001,1011110001,Other (Man,{8FBF62C9-39C1-4E81-9829-0F415BF5359F},0,0
1013049,"MULTIPOLYGON (((-73.9725150722399 40.76705425131546, -73.97252314873226 40.76704273579867, -73.97255804412502 40.766992980475855, -73.97274608373912 40.76706921493315, -73.97270311197776 40.76713048584214, -73.97269481656794 40.76712712319648, -73.9725150722399 40.76705425131546)))",,1090012,2014.0,03/01/2021,Constructed,1268494,12.10428918,2100,44.0,0,0,1011110001,1011110001,Photogramm,{BBAC4DC1-8A38-4E69-899B-DBD2448ADDB6},0,0
1013930,"MULTIPOLYGON (((-73.97165740093105 40.76709581338871, -73.97179802124815 40.76690517072291, -73.9718665220305 40.76693437730041, -73.97172590066343 40.76712502004871, -73.97165740093105 40.76709581338871)))",,1083831,,08/10/2017,Constructed,792856,21.0,2100,46.0,0,0,1011110001,1011110001,Other (Man,{BDCEFBC2-BCFC-45E4-A683-25FB0EBBDAD9},0,0
1015321,"MULTIPOLYGON (((-73.97280171182545 40.76765802063882, -73.97280195932487 40.76765812875769, -73.97281260416936 40.76766277516755, -73.97289471364029 40.76769861474918, -73.97283437513866 40.767778521140016, -73.97276181624741 40.76774684950409, -73.97275740425954 40.76775269363029, -73.97274424177644 40.767746948005346, -73.97273808625874 40.76774426124707, -73.97276790204681 40.76770279560124, -73.97279400371917 40.7676664943596, -73.97279967352262 40.76766071986765, -73.97280171182545 40.76765802063882)))",,1090011,,11/28/2016,Constructed,1268272,10.88512301,2100,53.0,0,0,1011110001,1011110001,Photogramm,{77639B41-691B-4E57-98E9-B094AAAEB36F},0,0
1016163,"MULTIPOLYGON (((-73.97410041439274 40.76820241320536, -73.97407674515803 40.768192294326234, -73.9740534492152 40.768181688353884, -73.97403854836705 40.76817447556535, -73.97403054314441 40.7681706006952, -73.97402823160404 40.7681694133104, -73.97400804470814 40.768159042160555, -73.97400649817419 40.768158199840784, -73.97398597048586 40.76814701995788, -73.97397397730613 40.768140104083116, -73.97396433587151 40.76813454399646, -73.9739431574437 40.76812162328536, -73.97396094547717 40.76810569109427, -73.97398036502766 40.768088299552474, -73.97399217433774 40.76807772130122, -73.97400391136807 40.76806720966966, -73.9740229695205 40.76805014041936, -73.97404335346955 40.768062346837574, -73.97405620048704 40.76806958797929, -73.974064198346 40.76807409590007, -73.97408548401863 40.768085376796044, -73.97410719509348 40.768096179616236, -73.97411319194273 40.768098977027535, -73.97411962813538 40.76810197895149, -73.97411982367319 40.76810170254082, -73.97412847947844 40.768089469342065, -73.97415045397582 40.76809905743385, -73.97417277925638 40.76810816473112, -73.97419543637099 40.76811678582645, -73.97421840755634 40.76812491171057, -73.97424167504775 40.768132536976346, -73.9742652175279 40.76813965441481, -73.97428901723161 40.76814625951926, -73.97431305639454 40.768152345982145, -73.97433731251367 40.76815790929568, -73.9743617678242 40.76816294405284, -73.97438640219106 40.76816744844795, -73.97441119429638 40.768171416172684, -73.97443612637416 40.7681748445215, -73.97446117710453 40.76817773258904, -73.97448632398442 40.768180075867726, -73.97451155043161 40.768181873453315, -73.97453683275734 40.768183124440064, -73.97456215201073 40.7681838270227, -73.97458748805624 40.76818398029629, -73.97461281838909 40.76818358425589, -73.9746381240575 40.7681826397977, -73.97466338492526 40.768181147818, -73.97468525132619 40.76817937863232, -73.97468857848722 40.7681791092122, -73.97471368579158 40.76817652487682, -73.97471711428136 40.76819325608578, -73.97475449432991 40.76818835563718, -73.9747798769954 40.76818425850165, -73.97480509049717 40.76817959940926, -73.97483011351348 40.768174381957515, -73.97483225875179 40.768180017777716, -73.97484064329 40.76820204052417, -73.97485424717316 40.768237773676056, -73.97486021433231 40.7682534491439, -73.9748634387057 40.76826191908378, -73.97483734593139 40.76826763338705, -73.97481105674295 40.768272803737304, -73.97479778669884 40.7682751214332, -73.97478459246213 40.768277426537054, -73.97475797204207 40.7682814972878, -73.97474368355171 40.76828337440806, -73.97473121443575 40.76828501239164, -73.97472025800032 40.76828621846401, -73.97470434096381 40.76828797095252, -73.97469333723643 40.76828895008507, -73.97467737057887 40.768290370273164, -73.97465032460232 40.76829220765663, -73.97462322317051 40.768293482206744, -73.97459608523539 40.76829419302719, -73.97456893211734 40.768294340122644, -73.97454178395242 40.76829392349754, -73.97452500436233 40.768293316451285, -73.97451466087685 40.76829294225583, -73.97448758302647 40.768291397302534, -73.97446057053605 40.768289291343585, -73.97443364472643 40.7682866234833, -73.97440682454753 40.76828339822846, -73.97438013013476 40.7682796164841, -73.97435358162322 40.76827528095637, -73.97432719914703 40.768270396152246, -73.9743010016566 40.76826496477771, -73.97427500928656 40.76825899043931, -73.9742492409858 40.76825247944495, -73.97422371807362 40.76824543450114, -73.97419845594565 40.7682378619149, -73.97417347710447 40.768229767094546, -73.97416268486357 40.76822600147034, -73.97414879813019 40.76822115634751, -73.9741244379716 40.7682120359817, -73.97410041439274 40.76820241320536)))",,1083812,,02/14/2009,Constructed,770537,14.21597,2100,33.0,0,0,1011110001,1011110001,Photogramm,{8038EEEC-D054-41EA-9B3E-029068D2F1F8},0,0
1018727,"MULTIPOLYGON (((-73.96303731664047 40.78070299098594, -73.96292873239054 40.78065676665956, -73.96289392473487 40.78070401109801, -73.96290931207145 40.780710561800305, -73.96286236079065 40.780774289609774, -73.96279707118047 40.78074649617002, -73.96285064379155 40.78067378171107, -73.96283115973714 40.780665487208296, -73.96281906358327 40.780681903959376, -73.96278065568853 40.780665553753884, -73.96219292214955 40.780415348862086, -73.96220226198558 40.7804026719573, -73.9622071784989 40.78039599814851, -73.96219123939235 40.78038921304056, -73.96218497134115 40.780397719827256, -73.96213977421822 40.78045906699381, -73.96213561593088 40.78045729614117, -73.96212588523035 40.780453154236326, -73.96211882763102 40.78045014964295, -73.96211288333029 40.780447619079176, -73.96210830578111 40.78044566978833, -73.96210348306938 40.78044361685891, -73.96180430379891 40.78031625103649, -73.96181188075774 40.780305966212666, -73.96176664434138 40.78028670838551, -73.96170083928925 40.78025869352831, -73.96206142140421 40.779769278277016, -73.96217444846552 40.77981739594034, -73.9622893694185 40.77966141261336, -73.96250897974556 40.77936333162164, -73.9624936046024 40.779356787171906, -73.96251032298831 40.77933409545568, -73.96254638093578 40.77928515228216, -73.96255756285986 40.77926997525072, -73.96256706251218 40.77925708134513, -73.96257638551762 40.77924442601447, -73.96268631704012 40.77909521333503, -73.96279089071169 40.77895326947224, -73.9628033991194 40.778936291840104, -73.96281605215438 40.778919117043294, -73.96286477688777 40.77885298096321, -73.96287829372577 40.7788587350249, -73.96290323221132 40.77882488507336, -73.9630873537028 40.77857496748269, -73.96320708350048 40.77841245070825, -73.96317347572904 40.77839814359879, -73.96308227162734 40.778359316275385, -73.96315387343732 40.77826212546874, -73.96314820050382 40.77825971030852, -73.96337101740508 40.77795726390379, -73.9634370667401 40.777867608354974, -73.96355376179201 40.77791728731491, -73.96356212180987 40.77790594092785, -73.96379428544374 40.77800477669892, -73.96381180522214 40.77801223475939, -73.96382370417741 40.778017300219076, -73.96383539232406 40.77802227556118, -73.96384699046314 40.77802721305268, -73.9638585057008 40.77803211539747, -73.96387005291707 40.778037031258684, -73.96388150657287 40.778041907467255, -73.96389286311584 40.778046741320665, -73.9638984188093 40.77804910687992, -73.96389203501889 40.778057773115, -73.9638570551398 40.778105254640614, -73.96382607620532 40.77814730468095, -73.9638494821541 40.77815726887998, -73.96387625737445 40.77812092399884, -73.96388576134981 40.77810802277978, -73.96451739267984 40.77837691267436, -73.96450469513987 40.7783941470787, -73.9645257385157 40.778403105451694, -73.96457890903791 40.77833093034209, -73.96464609670646 40.77835953291691, -73.96460059027231 40.77842130420774, -73.96458091597991 40.77841292889422, -73.9645590002571 40.77844267835256, -73.96475348136472 40.778525468044485, -73.96513189483026 40.77868655604607, -73.96513938703515 40.77868974609073, -73.96512941022195 40.77870328932699, -73.96484063449478 40.77909528023434, -73.96481544916588 40.77908455837255, -73.96461745355774 40.779000273780625, -73.96456980094358 40.77906495841945, -73.96446559483411 40.77920640602865, -73.96439636845312 40.77930037367182, -73.96438692794834 40.779296355415624, -73.96434843635514 40.77934860325452, -73.96424923804055 40.77948325251994, -73.96417905318481 40.77957852095697, -73.96423141848308 40.77960081294318, -73.96424501612755 40.77960660108799, -73.96427534248177 40.77960037001397, -73.96431277147616 40.779592680517396, -73.96431566882178 40.779588748921974, -73.96436336947707 40.77952400047244, -73.96437202241258 40.77952768440063, -73.96445404414263 40.77956260058494, -73.96451345497412 40.77971296852588, -73.96456640074419 40.779846975924436, -73.96450500284931 40.77993031740501, -73.96445107420837 40.77994216399545, -73.96413569115091 40.780011444552294, -73.96408123989261 40.779988264879414, -73.96403866312126 40.77997013980291, -73.96409092258388 40.77989920464218, -73.96407574284909 40.77987029019286, -73.96406575833726 40.77985127207829, -73.9640028307494 40.77982448411395, -73.96391337591646 40.77994590774904, -73.96389475629634 40.779971180810314, -73.96387620305069 40.779996363839096, -73.96385520763515 40.78002486264785, -73.96381814493346 40.780075170170285, -73.96378356701693 40.7801221051808, -73.96377693693415 40.78011928272456, -73.96376246770764 40.78013892262719, -73.96365907858203 40.780279258522384, -73.9635724867422 40.780396793519536, -73.96359419268828 40.780406034126344, -73.96372944549283 40.78046360984782, -73.96373994613641 40.7804680796422, -73.96375090276446 40.78047274408746, -73.96377698975509 40.78048384917633, -73.963801590366 40.780494321639964, -73.9638148215109 40.78052299237521, -73.96381509957615 40.78052359399788, -73.9638138512213 40.78052528835059, -73.96354227619845 40.78089390877279, -73.9635029191698 40.78090119848486, -73.96329310686545 40.78081188129718, -73.96320693889733 40.78077519978695, -73.96312120095143 40.78073870115157, -73.96303731664047 40.78070299098594), (-73.96343242746373 40.77880018775046, -73.96341734486418 40.778793818213664, -73.9633999795345 40.77881757875391, -73.96336598859654 40.778864087896864, -73.96352243691905 40.77893015784536, -73.96360027095481 40.77896302737429, -73.96365162586687 40.77889275758735, -73.96361955142245 40.77887921201715, -73.96343242746373 40.77880018775046), (-73.96333564503841 40.77975829488298, -73.96339439868069 40.77978319533438, -73.96339826467162 40.77977792412269, -73.96339974420394 40.77977590746798, -73.96344418371882 40.7797947411667, -73.96343810080434 40.77980303376151, -73.96345020969548 40.77980816506154, -73.96347165815489 40.779778921754016, -73.963503012801 40.77973617044697, -73.96352227511785 40.77970990709922, -73.9634898237064 40.779696154259916, -73.963406974367 40.77966104171812, -73.96337742998764 40.779701323497584, -73.9633513923512 40.779736823818034, -73.96333564503841 40.77975829488298), (-73.96237823033867 40.779853500743066, -73.96240626556872 40.77981427501708, -73.96242825316976 40.779783512932475, -73.96234804133856 40.77975038519621, -73.96229952531377 40.77981826358892, -73.96229801726344 40.779820372971926, -73.96237823033867 40.779853500743066), (-73.96382756976813 40.779323119712394, -73.96385220331685 40.77928959994654, -73.963787168163 40.77926198363933, -73.96372011611346 40.77923351118332, -73.96370148235857 40.779258867057834, -73.96369045597633 40.779273873153834, -73.96379226998565 40.77931710768013, -73.96382254205012 40.7793299619503, -73.96382756976813 40.779323119712394), (-73.96267703441815 40.78008841012148, -73.96253621105183 40.780030285645836, -73.962518664568 40.780054849237885, -73.96263234229941 40.780101768993674, -73.96265948915558 40.78011297373516, -73.96267170883468 40.78009586725486, -73.96267703441815 40.78008841012148)))",The Metropolitan Museum,1083810,,08/22/2017,Constructed,120474,87.77,2100,100.0,0,0,1011110001,1011110001,Photogramm,{F85F6AF5-355C-4B03-92D0-F0E90A031F7D},0,0
1064356,"MULTIPOLYGON (((-73.95901495686303 40.797302043465194, -73.95908724147161 40.7972857899118, -73.95910834169469 40.79733998496535, -73.95903605466194 40.79735623943147, -73.95901495686303 40.797302043465194)))",,1091761,2023.0,05/10/2023,Constructed,1197748,18.0,2100,129.0,0,0,1011110001,1011110001,Other (Man,{9BE71DD4-B734-4917-A995-B9554153AA21},0,0
1075703,"MULTIPOLYGON (((-73.97124328188147 40.774027449293555, -73.97108994025182 40.77399287033527, -73.97113001009379 40.77389017623134, -73.97087167187411 40.77383192072038, -73.97083261795197 40.77393201073839, -73.97069301001575 40.773900528854675, -73.97078139242205 40.77366860157278, -73.97132510234394 40.77379341998896, -73.97124328188147 40.774027449293555)))",Bethesda Terrace,1090516,1864.0,12/18/2023,Constructed,1283803,0.0,2100,75.0,0,0,1011110001,1011110001,Other (Man,{867539BD-DA1D-49B6-8FCB-48719C378D32},0,0
1076312,"MULTIPOLYGON (((-73.97456008975814 40.769080357096186, -73.97460171109145 40.769052495695526, -73.97465705438825 40.7690551706708, -73.97469370089739 40.76908681341324, -73.97469018250507 40.769128889566325, -73.97464856116109 40.769156750998604, -73.97459321777987 40.769154076919804, -73.97455657246657 40.76912243234498, -73.97456008975814 40.769080357096186)))",,1090303,1952.0,08/08/2024,Constructed,607982,20.0,2100,77.0,0,0,1011110001,1011110001,Other (Man,{E4BBDC5A-E92D-4B1A-90E0-60A5750C2DFC},0,0
1076349,"MULTIPOLYGON (((-73.97132826678563 40.7736572935581, -73.97087236375503 40.77355271727608, -73.97094957176964 40.773358190317566, -73.97140547240522 40.773462766296866, -73.97132826678563 40.7736572935581)))",Bethesda Terrace,1091041,,01/03/2024,,1300994,0.0,2100,75.0,0,0,1011110001,1011110001,,{07294972-930D-46D3-BF6F-18B6E41F2E5D},0,0
1076423,"MULTIPOLYGON (((-73.97260095288394 40.76783349924817, -73.97233397240035 40.76772211338417, -73.97230322287353 40.76763289669824, -73.97245108071935 40.767432978901574, -73.97254839189141 40.76747406599833, -73.97267387518716 40.76730281461705, -73.972750764806 40.767334842133366, -73.97276745477104 40.767310691867905, -73.97284292081463 40.767342632537854, -73.97269894195134 40.76753719916497, -73.97271680933626 40.7675447532204, -73.97273567781238 40.76751985966006, -73.97278502590012 40.76754167162131, -73.97276547120217 40.76756768165205, -73.97279022728094 40.76757787399904, -73.97276140830986 40.76761195485628, -73.97279241255463 40.76762420452966, -73.97273949536816 40.76769882036386, -73.97270675496377 40.76768602365938, -73.97260095288394 40.76783349924817)))",,1090839,,08/16/2019,Constructed,1288660,31.0,2100,46.0,0,0,1011110001,1011110001,Other (Man,{D31D3BE1-3736-417B-BC15-EAF7E943CF54},0,0
1076808,"MULTIPOLYGON (((-73.98107372552523 40.768577638987665, -73.98100713089225 40.76861003715152, -73.98095700715777 40.76854649295017, -73.98102109517234 40.76851520652398, -73.98107372552523 40.768577638987665)))",,1090981,,11/05/2021,,1295728,0.0,1004,70.0,0,0,1011110001,1011110001,Other (Man,{68ACD1A5-5B33-41F0-BBE9-6C54B2297AF4},0,0
1077478,"MULTIPOLYGON (((-73.97274380715369 40.76720850341514, -73.97279859918248 40.76723170973868, -73.97276211969172 40.76728291637004, -73.97270444586725 40.767259935373104, -73.97262402846297 40.76737084304465, -73.9725515916799 40.76734021588759, -73.97256099904797 40.7673268762651, -73.97224616127164 40.767194900469626, -73.9722296989387 40.76721812679807, -73.97215371796383 40.76718653949927, -73.97213021471173 40.76718891654927, -73.97208728457052 40.76724825565722, -73.97206026134825 40.767236217476665, -73.97204243909586 40.76725977663484, -73.9719680256396 40.767226998227656, -73.97198506446296 40.76720474912336, -73.97195529838312 40.767192232984144, -73.9720652496719 40.76704237084418, -73.97209501570542 40.767054886955215, -73.97210991007587 40.76703404299892, -73.97218275597608 40.767065034337485, -73.97216864619786 40.76708468712619, -73.97256567427264 40.76725127738826, -73.9725930104572 40.767213949008934, -73.97262517123485 40.767227221975446, -73.97261231339903 40.767247061519704, -73.97262538344671 40.767252663958104, -73.97270967244303 40.76713332488363, -73.97277656317014 40.76716226668996, -73.97274380715369 40.76720850341514)))",,1090840,,08/16/2019,Constructed,1288659,21.0,2100,46.0,0,0,1011110001,1011110001,Other (Man,{C2AD537C-E93E-435D-A7A1-3B5234D40C81},0,0
1077479,"MULTIPOLYGON (((-73.97107637890912 40.76804666574049, -73.9716142608074 40.768277789499194, -73.97155556488507 40.76835340111691, -73.9716008868549 40.76837352864682, -73.97156015498152 40.76842729307231, -73.97151030860066 40.76840405947148, -73.97149780847231 40.76841703623861, -73.97142608936227 40.768385179369, -73.97139885139484 40.76842283437243, -73.97137250294827 40.768413548139215, -73.97139974380069 40.768374717085, -73.97129152922524 40.76832838807805, -73.97125420595444 40.76822566823105, -73.97126887551829 40.76820549700703, -73.97120105280125 40.76817528798897, -73.97121485486561 40.76814531997592, -73.97105221294022 40.76807966312968, -73.97107637890912 40.76804666574049)))",,1090837,,08/16/2019,Constructed,1288662,21.0,2100,46.0,0,0,1011110001,1011110001,Other (Man,{0E5292CE-4D41-4F2C-AB01-2B7711159D9B},0,0
1077934,"MULTIPOLYGON (((-73.97200933924755 40.76832005493957, -73.97198696318524 40.768311128212204, -73.97197298650872 40.76831488531618, -73.97195782922554 40.76829830515783, -73.9719337358527 40.76832849137601, -73.97193218982531 40.76832931045768, -73.97193123971299 40.768329782090106, -73.9719289876669 40.76833083332964, -73.97192813000812 40.76833114379444, -73.97192661010264 40.76833180979679, -73.97192510089795 40.76833237854729, -73.97192393761192 40.76833279339599, -73.9719221998147 40.76833335578728, -73.97191865084551 40.768334338272275, -73.97191318659198 40.76833546166933, -73.97190758868065 40.76833615099083, -73.97190193292171 40.76833639094669, -73.97189252878762 40.76833580422605, -73.97188339877201 40.7683339982897, -73.97187817139233 40.76833234458982, -73.97187318935892 40.76833029112598, -73.97186851899423 40.768327851422, -73.9718642005538 40.76832506150787, -73.97185908559506 40.768320844100835, -73.97179225586216 40.7684061576784, -73.97179321548349 40.7684084082718, -73.97179396921733 40.768410177945874, -73.97179454515975 40.76841224654358, -73.97179504721014 40.76841539482707, -73.97179503831339 40.76841962178873, -73.97179452649246 40.76842276352044, -73.97179358592828 40.768425854719, -73.97179222493094 40.76842885036123, -73.97179045654325 40.76843171713169, -73.97178831038318 40.768434437928036, -73.97178579594568 40.76843696682691, -73.97178393216895 40.76843853414723, -73.97178193459172 40.76844000598136, -73.97177868840248 40.768441996199726, -73.97177519714586 40.7684437261124, -73.97177147860425 40.76844515790259, -73.97176758962745 40.768446298788284, -73.9717635586549 40.768447118159244, -73.97175944017249 40.7684476115263, -73.97175527800381 40.76844777980071, -73.97175111597612 40.76844761578919, -73.9717483575563 40.7684473224492, -73.97174564420642 40.76844688413909, -73.97174296763627 40.76844629905587, -73.97174035863658 40.76844557801312, -73.97173781483997 40.76844471740823, -73.97173536111534 40.76844372715287, -73.97173300338447 40.768442608149016, -73.9717307487517 40.76844136580138, -73.97172861971704 40.7684400100211, -73.97172661627974 40.76843854260917, -73.97172388243908 40.76843615290224, -73.97172224154086 40.7684344442442, -73.97172077123497 40.768432655483224, -73.97171887260559 40.76842982833645, -73.9717169590613 40.768425864750455, -73.97171580007218 40.76842173295548, -73.97171540270908 40.7684175167001, -73.9717156184356 40.768414351482996, -73.9717165736723 40.76841018688837, -73.9717541571262 40.76835378135914, -73.97170456231672 40.768332194924895, -73.97171587512325 40.76831473783827, -73.97178365278418 40.768343150036905, -73.97183145960645 40.76827681352988, -73.97194553809844 40.76825682767106, -73.9720915416937 40.7683186466818, -73.97205827317504 40.76836436709167, -73.97212303000231 40.76839169054941, -73.97209041321778 40.76843384243002, -73.97207449555356 40.76843401777332, -73.97206500270136 40.768433122172524, -73.9720587694549 40.768432114798586, -73.9720556866415 40.76843148369843, -73.9720466456744 40.768429121285386, -73.97203798165039 40.76842606107288, -73.97202976917694 40.76842233189515, -73.97202715216245 40.7684209480863, -73.97202460150422 40.76841949765625, -73.9720197016248 40.76841639873408, -73.9720150979599 40.768413047742605, -73.97201080234728 40.768409459993386, -73.97200684794093 40.768405659808046, -73.97200325013235 40.76840166159846, -73.97200001957567 40.768397478874704, -73.97199717520814 40.76839314405965, -73.97199271253072 40.76838407130175, -73.9719911107845 40.76837937658715, -73.97198950889178 40.76837221449267, -73.97198889130203 40.76836495718407, -73.9719890342874 40.768360111609006, -73.9719896131362 40.76835528324942, -73.9719913086953 40.76834813366307, -73.97199296649913 40.768343451447365, -73.97199625261109 40.76833662822985, -73.97199895259253 40.76833223352801, -73.97200933924755 40.76832005493957)))",,1090838,,08/16/2019,Constructed,1288663,17.0,2100,46.0,0,0,1011110001,1011110001,Photogramm,{F8D0DD31-BE6F-4A90-B0F5-846E7D6152C6},0,0
